{"K": [[761.3995526136044, 0.0, 498.9970139232536], [0.0, 761.30810529672, 317.9126261045455], [0.0, 0.0, 1.0]], "dist": [[-0.14323762526588807, 0.13349125285355393, 0.0017377892327680826, -0.000721435419281203, 0.042170165261953704]]}