{"Essential_Matrix": [[0.00027603333664521796, 1.6226280596483107, -0.27602468643299427], [-1.6919666073475372, 0.24285780462150316, 3.96919348622801], [0.18077810970726424, -3.9917508769278722, 0.24893389237986852]], "Fundamental_Matrix": [[1.9629456952542655e-09, 1.154032116943249e-05, -0.005164332450593069], [-1.2036415355791588e-05, 1.7278642022257503e-06, 0.026955924782843147], [0.004748646138332932, -0.026703692510986643, 1.0]], "Rotation": [[0.9999026006216627, 0.002175061452019341, 0.013786166171769504], [-0.0013213763125014464, 0.998098030995981, -0.06163257650452784], [-0.013893999952370173, 0.06160835681647139, 0.9980036909429233]], "Translation": [[-3.9997400035668482], [-0.17551004257942576], [-1.6365536192336154]]}