{"K": [[720.8390572777902, 0.0, 493.09042309909216], [0.0, 720.5758146496277, 317.61380483887854], [0.0, 0.0, 1.0]], "dist": [[-0.19633017125309668, 0.39289373274718375, 0.0028780693025659714, 0.00016791173618543184, -0.539191173008651]]}